Route,Centreline mm,Initial cut mm,Conductors,Wire,Note
H1 front connector to LED1,42.63,75,3,28 AWG OD<=0.9,"Per conductor; includes dressing slack; endpoints are bays, identify actual pads"
H2 LED1 to LED2,75.73,105,3,28 AWG OD<=0.9,"Per conductor; includes dressing slack; endpoints are bays, identify actual pads"
H3 LED2 to LED3,71.26,100,3,28 AWG OD<=0.9,"Per conductor; includes dressing slack; endpoints are bays, identify actual pads"
H4 LED3 to LED4,64.52,95,3,28 AWG OD<=0.9,"Per conductor; includes dressing slack; endpoints are bays, identify actual pads"
B1 battery to charger,71.48,95,2,28 AWG OD<=0.9,"Per conductor; includes dressing slack; endpoints are bays, identify actual pads"
P1 charger OUT plus to SPDT,35.22,60,1,28 AWG OD<=0.9,"Per conductor; includes dressing slack; endpoints are bays, identify actual pads"
P2 SPDT switched plus to DPDT RUN branch,18.28,40,1,28 AWG OD<=0.9,"Per conductor; includes dressing slack; endpoints are bays, identify actual pads"
P3 switched plus and protected ground distribution,16.0,40,2,28 AWG OD<=0.9,"Per conductor; includes dressing slack; endpoints are bays, identify actual pads"
P4 DPDT common A and ground to XIAO,79.98,100,2,30 AWG OD<=0.8,"Per conductor; includes dressing slack; endpoints are bays, identify actual pads"
G1 charger OUT minus to ground distribution,73.87,95,1,28 AWG OD<=0.9,"Per conductor; includes dressing slack; endpoints are bays, identify actual pads"
D1 XIAO data to DPDT RUN B,82.55,105,1,30 AWG OD<=0.8,"Per conductor; includes dressing slack; endpoints are bays, identify actual pads"
D2 DPDT common B to LED harness junction,28.06,50,1,30 AWG OD<=0.8,"Per conductor; includes dressing slack; endpoints are bays, identify actual pads"
H0 LED harness junction to front connector,37.9,70,3,28 AWG OD<=0.9,"Per conductor; includes dressing slack; endpoints are bays, identify actual pads"
