Check,Acceptance / instruction,Measured result,Pass / date
v2.16 LED wiring,Separate insulation OD <=1.8; 3 mm nominal bends; routes loaded before yoke clamping; no pinched leads or strain at actual pads,,
v2.16 replacement print,New 05 and 06; grooves open and clean; frame and all other parts reused; inspect groove floor and contact gusset,,
Printer / spool,X1C 0.4 mm; actual black/white PLA+ and clear PETG; calibrated flow,,
Current print set,Ten pieces; latest front and rear; one captive front guide; two rear guides; keeper 11,,
Surface tolerance / seam,Critical mating faces checked; halves seat by hand; no trapped wire; seam reasonably flat,,
Nine screws and nuts,All M3x8 button heads; 4 closure +2 optical +2 yoke +1 guide keeper; all inset,,
Nut access,All entries clear; rear guide nut lowers into bay then slides under roof before keeper,,
POWER SPDT,Measured 10.6x6x5.05 body; 19.73 flange; full detents without bracket or terminal clash,,
MODE DPDT,9.1x3.72x3.36 body; two rows of three 0.7 legs with 1.85 gaps; body seated; no printed actuator,,
Reset,Twenty clicks/releases before stop; no binding or PCB flex; current collar has 0.80 mm available stroke,,
USB access,Both real cable overmolds latch and unplug without moving the boards,,
Charger support,Both lower corners meet full-width stop; OUT solder clear; moved upper front pad contacts bare PCB under USB end,,
Front guide,Internal collar caught by frame and yoke; nominal 0.25 axial play; actual LED remains clear,,
Rear guides,Both collars caught by housing and keeper 11; nominal 0.20 axial play; actual LEDs remain clear,,
LED modules,All four complete segment outlines fit; emitting faces toward clear acrylic edges,,
Pigtails / capacitor / resistor,Insulated real bodies and bends fit reserved bays; polarity/pinout marked,,
C1 connections,680 uF >=6.3 V; + to VBAT_SW after S1 and before S2; negative stripe to OUT-; each lead insulated; power wires continue to LEDs,,
R1 connections,330 ohm measured before connecting electronics; front DATA -> R1 -> LED1 DIN; close to DIN; no bypass or power/ground connection,,
Wire routing,Outside diameters fit; staged depth crossings; service slack; no wires across pouch or guide keeper,,
Acrylic stock,Confirmed laser-suitable PMMA; thickness measured at five points; range 3.00-3.45,,
Optical cushion,Rear gap =0.45-(acrylic thickness-3.175); shims/compliant layer fill without bowing,,
RF laser setup,Nova Plus24 60W RF profile; actual lens/focus/air recorded,,
Kerf,"Record plug and opening X/Y, top and bottom; outside outline offset by half full kerf",,
Engraving,Record RF speed/min-max power/interval/passes; shallow even frosted fill; 0.05-0.15 mm target,,
Registration,Rear SVG already mirrored; common datums; correct reading face; white letters behind acrylic with air gap,,
Continuity without battery,S1 commons/throws; both independent S2 poles; unused throws insulated; no shorts,,
POWER off,Load rail disconnected from charger OUT+; cell remains connected to charger,,
PROGRAM,XIAO BAT+ and DATA each isolated from battery/pixel branch,,
USB modes,POWER off and PROGRAM before either USB; one USB only; unplug before RUN,,
Cell specification,Verify protection and maximum charge current; capacity alone is insufficient,,
Charge test,Load disconnected; measured current within cell rating; normal termination,,
Switch currents,Steady load within confirmed SPDT rating; startup/inrush checked; MCU branch within confirmed DPDT rating,,
Firmware,Validate the installed external-pixel firmware and order; bundled older v0.1.2 snapshot is onboard-RGB only,,
External lighting after firmware,Verify data/color order and initial 12.5% ceiling across intended battery range,,
Temperature,Measure intended brightness and charging closed-case tests; aim <=40 C at20-25 C ambient or lower cell-maker limit,,
Final retention / wall mount,No unwanted movement; strap does not compress pouch; wall strips clear rear indicator holes,,
