Check,Acceptance or instruction,Measured result,Pass/date
Printer/nozzle/material/spool,Record actual X1C 0.4 and spool,,
Flow and pressure advance,Calibrated for this spool,,
Nut / bolt samples,Nuts enter freely; screws pass; heads inset,,
Printed surface tolerance,Critical mating faces within +/-0.10 of CAD after cleanup,,
Case seam,Closes by hand; no wire pinch; about <=0.2 warp,,
Acrylic thickness,Measure5points;3.00-3.45; calculate cushion,,
Acrylic material,Confirmed PMMA; cast/extruded noted,,
Laser lens/focus/air,Record actual RF setup,,
Laser cut speed/power/passes,Record successful scrap setting,,
Laser engraving speed/power/interval,Record clean frosted fill,,
Kerf X/Y top and bottom,Record plug/opening;offset half kerf outward,,
Acrylic/graphic registration,Shared datums; text mismatch <=0.15 aim,,
LED segment actual outline,All pads/ICs fit without clipping,,
Charger populated height/USB overmold,Seats fully; port cable latches,,
XIAO solder access and antenna,Pads accessible; keep leads off antenna end,,
Reset and slider,20 repeats each; return and both detents,,
Cell charge specification,Verify cell datasheet and protection,,
Charging current,100mA initial; measure; not default1A,,
RUN/OFF/USB isolation,Mode table passes; no unexpected port voltage,,
5V rail,Measure before pixels; within regulator/pixel ratings,,
External NeoPixel firmware,Required: current repository driver is onboard-only,,
Four pixels and colors,DIN order and color order verified; 12.5% ceiling,,
Battery current,Measure at intended brightness and full test load,,
Closed-case temperature,Test intended use and charge; aim <=40C cell/case at20-25C ambient,,
Final retention / wall strips,No board movement; connector serviceable; rear flat,,
