Route,Centreline mm,Initial cut mm,Allowance note,Conductors,Wire
H1 front connector to LED1,42.63,75,per conductor; trim after dry fitting,3,28 AWG OD<=0.9
H2 LED1 to LED2,75.73,105,per conductor; trim after dry fitting,3,28 AWG OD<=0.9
H3 LED2 to LED3,71.26,100,per conductor; trim after dry fitting,3,28 AWG OD<=0.9
H4 LED3 to LED4,64.52,95,per conductor; trim after dry fitting,3,28 AWG OD<=0.9
P1 battery to charger,71.48,95,per conductor; trim after dry fitting,2,28 AWG OD<=0.9
P2 charger to switch,51.79,75,per conductor; trim after dry fitting,2,28 AWG OD<=0.9
P3 protected feed and MOSFET gate,16.0,40,per conductor; trim after dry fitting,3,28 AWG OD<=0.9
P4 switch to XIAO,79.47,100,per conductor; trim after dry fitting,2,30 AWG OD<=0.8
P5 boost VIN VOUT and ground,32.89,55,per conductor; trim after dry fitting,3,28 AWG OD<=0.9
D1 XIAO data and ground,61.33,85,per conductor; trim after dry fitting,2,30 AWG OD<=0.8
H0 signal board to front connector,37.9,70,per conductor; trim after dry fitting,3,28 AWG OD<=0.9
